chr1	pos1	chr2	pos2	type
chr14	24443292	chr14	24485466	DUP
chr10	3778746	chr10	3779259	DEL
chr3	151148544	chr5	39787751	TRA
chr1	13340953	chr1	13346322	DEL
chr22	22475270	chrX	125490660	TRA
chr21	10032003	chrY	13433678	TRA
chr3	178111037	chr4	66396726	TRA
chr6	58528687	chr6	57924367	DEL
chr5	141011662	chr5	141579394	DUP
chr6	4254829	chr6	4255300	DEL
chr17	35143437	chr17	35143742	DEL
chr1	59956668	chr19	8195524	TRA
chr13	19344049	chr13	19363385	DEL
chr19	2147062	chr22	30467808	TRA
chr17	39203065	chr17	39211126	DUP
chr10	29783944	chr10	30978215	INV
chr13	87248151	chr16	85108708	TRA
chr10	29421798	chr10	29421872	INV
chr13	90550561	chr15	52589547	TRA
chr13	90550574	chr15	52589369	TRA
chr15	67868337	chr15	67869450	DEL
chr2	228197303	chr2	228221699	DEL
chr9	45432105	chr21	10607002	TRA
chr1	83856587	chr7	76476695	TRA
chr8	85002254	chr10	59325318	TRA
chr9	125294949	chr19	46778387	TRA
chr1	45417631	chr1	45417934	DEL
chr5	99299906	chr13	71083829	TRA
chr5	107345010	chr13	107620149	TRA
chr13	21736016	chr13	21742126	DEL
chr19	27854580	chr19	27889040	DUP
chr6	150276425	chr6	150335248	INV
chr6	150243352	chr6	150345740	DEL
chr22	18722031	chr22	20655902	INV
chr3	75463426	chr7	6962618	TRA
chr1	12737562	chr1	217887831	INV
chr5	33355575	chr5	33355894	DEL
chr3	79811642	chr3	176444686	DEL
chr3	119431705	chr21	30382812	TRA
chr15	100911367	chr15	100917405	INV
chr9	41734128	chr9	44627558	DEL
chr9	69009707	chr9	69010965	DEL
chr12	25956127	chr12	125801148	INV
chr1	102892332	chr1	102970274	INV
chr14	106154699	chr14	106155089	DEL
chr14	106093985	chr14	106112813	DUP
chr11	95571374	chr11	95574780	DEL
chr11	95569489	chr11	95578116	DEL
chr2	24474179	chr3	1527704	TRA
chr2	163609540	chr10	111104451	TRA
chr1	1285413	chr1	1286794	DEL
chr2	176624292	chr2	227929662	DEL
chr2	90402674	chr10	15957319	TRA
chr12	38318186	chr12	38318525	INV
chr12	38317985	chr12	38318525	INV
chr14	32954426	chr15	94762656	TRA
chr14	91982027	chr17	28483267	TRA
chr22	44230184	chr22	44230959	DEL
chr1	4204658	chr1	4204726	DEL
chr11	4252827	chr11	4265499	INV
chr11	736935	chr11	3917251	DEL
chr21	10723808	chr21	10723224	DEL
chr1	28838734	chr8	42729610	TRA
chr21	10725930	chr21	10725275	DEL
chr11	737104	chr11	3917421	DUP
chr21	10730691	chr21	10729775	DEL
chr21	10743287	chr21	10742379	DEL
chr8	7913437	chr8	12469237	INV
chr6	6312619	chr6	9434143	INV
chr12	50272689	chr12	50273973	DUP
chr17	15583596	chr17	18605407	INV
chr5	79074618	chr8	92534306	TRA
chr6	151776898	chr10	43833037	TRA
chr5	17508236	chr5	17621917	DUP
chr13	49892555	chr19	54672632	TRA
chr19	14507126	chr19	14877912	INV
chr12	25956475	chr12	104373612	DEL
chr14	106039783	chr14	106160074	DEL
chr9	78523782	chr10	130381513	TRA
chr9	122278181	chr11	43838609	TRA
chr6	133985180	chr12	107675363	TRA
chr6	28863605	chr12	122917075	TRA
chr8	3099619	chr11	131128207	TRA
chr6	167600769	chr6	167781402	INV
chr6	167880178	chr6	167880408	DEL
chrX	6273400	chrX	8122581	INV
chr7	64883446	chr12	43291962	TRA
chr14	77707464	chr19	3287408	TRA
chr6	31238998	chr6	31324004	DEL
chr15	57981941	chr15	57982078	INV
chr7	63413465	chr7	63818225	INV
chr7	64544699	chr7	65238778	DUP
chr9	110335131	chr17	41486094	TRA
chrX	133504426	chrX	133540092	DEL
chr4	144803490	chr4	145043585	DUP
chr6	98605422	chr6	105204541	INV
chr4	144820838	chr4	144933850	DEL
chr6	104490432	chr6	104490682	DUP
chr4	144792390	chr4	145016398	DUP
chr15	20108439	chr21	9443104	TRA
chr19	1033727	chr19	1035056	DEL
chr17	44282782	chr17	44286360	DUP
chr6	121733160	chr8	111740543	TRA
chr17	43664990	chr17	44335830	INV
chr2	202146368	chr19	47336740	TRA
chr6	155246885	chrX	19470470	TRA
chr21	37857292	chr21	37857617	DEL
chr6	63720046	chrX	102685182	TRA
chr6	132670507	chrX	120904561	TRA
chr3	169707077	chr17	73085801	TRA
chr6	52198061	chr10	6127686	TRA
chr2	163609540	chr5	78476453	TRA
chr6	28022448	chr6	28022662	DUP
chr9	132188360	chr13	46318219	TRA
chr1	196761291	chr1	196885461	DEL
chr1	196786423	chr1	196910460	DUP
chr12	30067212	chr12	31704709	INV
chr4	49583042	chr1	143166274	TRA
chr13	61958424	chr13	61959020	DEL
chr11	106044581	chr19	49290023	TRA
chr17	63602501	chr20	3534952	TRA
chr17	43660615	chr18	51868785	TRA
chr7	142009749	chr7	142043323	DEL
chr6	28680655	chr7	15362252	TRA
chr6	116774201	chr7	26251730	TRA
chr6	124460216	chr7	65565775	TRA
chr5	10265124	chr16	69616797	TRA
chr6	36913746	chr7	65860099	TRA
chr3	2569205	chr3	2576587	DEL
chr1	227047594	chr10	96387573	TRA
chr1	240641246	chr1	240641602	DEL
chr4	136554634	chr16	5157173	TRA
chr13	23507800	chr13	24929727	DEL
chr2	209398794	chr2	209398987	INV
chr13	23632404	chr13	23637302	DEL
chr6	160132649	chr6	160133156	DEL
chr17	5885682	chr17	5886990	INV
chr5	169376692	chr11	118200969	TRA
chr22	23686936	chr22	25070949	DUP
chr22	25656577	chr22	25913572	DEL
chr22	25686308	chr22	25982684	DUP
chr11	56216425	chr11	56237629	INV
chr2	87643686	chr2	90476100	INV
chr9	66852236	chr9	66856204	DUP
chr3	131708359	chr3	131713385	INV
chr4	121407660	chr4	121407970	DEL
chr3	10091253	chr3	11912787	DUP
chr7	72367541	chr7	75099320	INV
chr9	4735251	chrX	125169685	TRA
chr9	562359	chrX	116627631	TRA
chr2	106984552	chr2	112624179	INV
chr12	41014506	chr18	30896251	TRA
chr2	114149980	chr2	114160143	INV
chr7	89598884	chr7	89599194	DEL
chr12	123667605	chr19	1520906	TRA
chr4	41870929	chr11	101256872	TRA
chr12	116851551	chr19	46234686	TRA
chr2	23803146	chr2	23803777	DEL
chr7	33403546	chr7	33403859	DEL
chr14	106716941	chr14	106727583	DUP
chr11	104947727	chr11	104977887	DUP
chr3	134299269	chr6	36913755	TRA
chr16	70553024	chr16	70553329	DEL
chr3	71241860	chr3	71242638	DEL
chr8	116410945	chr8	116411011	INV
chr22	21021970	chr22	22468891	DUP
chr16	70152072	chr16	74396953	INV
chr1	205062533	chr12	8503419	TRA
chr1	2973484	chr2	43454529	TRA
chrY	22262586	chrY	22273576	DUP
chr19	43285672	chr19	43449429	DEL
chr11	42156164	chr11	42156478	DEL
chr22	45745439	chr22	45746448	DUP
chr18	33424168	chr18	33430077	DUP
chr22	23049827	chr22	23107996	DEL
chr18	33424447	chr18	33430276	DEL
chr18	33669183	chr18	33687495	INV
chr2	3639898	chr16	31114886	TRA
chr3	80590920	chr13	108936730	TRA
chr1	178009652	chr2	206802881	TRA
chr11	1654335	chr11	1656726	DEL
chr16	32454450	chr16	32457851	DUP
chr1	83127490	chr15	100931161	TRA
chr3	96596494	chr21	35192319	TRA
chr3	184470870	chr3	184472539	DEL
chr17	28928524	chr17	29336459	DUP
chr17	39240802	chr17	39296437	INV
chr12	131826324	chr12	132108971	INV
chr12	131825958	chr12	132109204	INV
chr13	85473572	chr19	30386680	TRA
chr5	10254950	chr5	10256065	DEL
chr5	160672114	chr5	160680853	DEL
chr6	4978734	chr16	13037248	TRA
chr11	68282869	chr11	68411781	DEL
chr1	17684780	chr1	17685086	DEL
chr4	140013630	chr10	72127752	TRA
chr1	185373106	chr1	185373428	DEL
chr12	4841232	chr12	4841297	DEL
chr12	5082223	chr12	5083121	DEL
chr12	7951608	chr12	8058425	DUP
chr9	122357071	chr9	122357518	DEL
chr11	22827610	chr20	16115275	TRA
chr7	61847491	chr7	61862653	DEL
chr5	83328	chr5	84550	DEL
chr1	25610143	chr1	25736260	INV
chr2	227114824	chr12	98008371	TRA
chr2	78892124	chr12	79687035	TRA
chr7	61097294	chr7	61240254	DEL
chr1	22312705	chr1	22335483	DUP
chr19	43356346	chr19	43418543	DUP
chr3	86868734	chr3	86869477	DUP
chr6	147371698	chr19	13848452	TRA
chr21	40344317	chr21	40344628	DEL
chr3	144735474	chr3	144736125	DEL
chr13	114000327	chr13	114000994	DEL
chr1	67550602	chr21	23626191	TRA
chr3	187898598	chr8	65732327	TRA
chr2	142301843	chr11	131659561	TRA
chr4	186827428	chr4	186828281	DEL
chr6	29633187	chr6	29633518	INV
chr2	233225032	chr4	119330129	TRA
chr17	31248620	chr17	80759992	DUP
chr2	1584483	chr2	1585229	DEL
chr1	117571751	chr1	192525755	DUP
chr1	117571895	chr1	192525868	DEL
chr11	48527329	chr11	49927235	INV
chr2	163609541	chr16	16093687	TRA
chr2	239648354	chr2	239652047	DEL
chr14	76824693	chr14	76824734	DEL
chr16	24329050	chrX	100571661	TRA
chr7	148106758	chr7	148107186	DEL
chr4	122448545	chr6	11051769	TRA
chr11	32456204	chr11	32456252	DEL
chr5	173035297	chr5	173036240	DEL
chr13	25605906	chr13	26783711	DEL
chr5	87421029	chr11	102685701	TRA
chr17	1655127	chr17	1655400	DEL
chr2	90449656	chr2	90448303	INV
chr1	2911548	chr1	2911850	DEL
chr6	116368766	chr16	50021821	TRA
chr6	50160463	chr16	29770522	TRA
chr6	95368372	chr16	5947278	TRA
chr10	463545	chr10	464236	DEL
chr10	6097388	chr14	21176120	TRA
chr10	104279691	chr14	59150759	TRA
chr8	28739974	chr19	38179062	TRA
chr19	55295404	chr19	55359657	DUP
chr10	27775891	chr12	11191377	TRA
chr10	129373582	chr13	38970153	TRA
chr2	166905667	chr2	166905703	DEL
chr14	106518481	chr14	106573305	DEL
chr3	136682525	chr6	63368196	TRA
chr7	32829290	chr7	34919003	DEL
chr14	44374026	chr14	44374613	DEL
chr12	21518862	chr18	14844761	TRA
chr13	111605360	chr13	113052138	INV
chr2	96557413	chr2	97875532	INV
chr14	39941912	chr14	39951353	INV
chr15	35531021	chr15	35535909	DEL
chr7	131817139	chr10	60381730	TRA
chr3	70415121	chr3	70415440	DEL
chr2	125770948	chr8	118679719	TRA
chr15	79891856	chr15	79892164	DEL
chr1	21753978	chr1	21807042	INV
chr2	8208132	chr2	8208213	DEL
chr15	79091954	chr15	82591817	INV
chr15	83275285	chr15	83275581	DEL
chr5	697347	chr5	788529	DEL
chr1	174208432	chr11	22306376	TRA
chr5	668091	chr5	668473	DEL
chr19	43356588	chr19	43418705	DEL
chr19	6163222	chr19	6163490	DEL
chr7	158127108	chr7	158130455	DUP
chr19	53601939	chr19	53632236	DUP
chr1	218001842	chr20	5562863	TRA
chr18	14552849	chr21	14972793	TRA
chr2	210183905	chrX	153743226	TRA
chr10	134531915	chr10	134532897	DEL
chr12	9549340	chr12	9729162	INV
chr2	202116869	chrX	84009871	TRA
chr10	132588649	chr10	132588844	DUP
chr10	133452024	chr10	133453252	INV
chr10	133087838	chr10	133088466	DEL
chr18	15407015	chr18	15410668	DUP
chr21	45830041	chr21	45830878	DEL
chr2	26822653	chr2	26823121	DEL
chr1	168186186	chr17	74319261	TRA
chr1	211577718	chr17	30111578	TRA
chr17	58095779	chr17	60352223	DUP
chr14	106108152	chr14	106206469	DEL
chr21	46011885	chr21	46021054	INV
chr6	29998481	chr6	29999032	DUP
chr1	100994221	chrY	24421222	TRA
chr15	22830729	chr15	22826852	DUP
chr1	16415256	chr1	16416097	INV
chr4	189364231	chr4	189364590	DEL
chr1	178009462	chr2	206803090	TRA
chr1	33255800	chr2	161952332	TRA
chr2	181738261	chr11	61735103	TRA
chr2	3244030	chr2	3244458	DEL
chr1	243202956	chr2	243072765	TRA
chr1	209627217	chr1	213087922	DEL
chr7	108508302	chr7	108508630	DEL
chr18	77833487	chr18	77833793	DEL
chr18	77499813	chr18	77500144	DEL
chr13	19918349	chr13	25116666	INV
chr3	1680057	chr3	1680745	DEL
chr12	92512518	chr13	25449333	TRA
chr2	224645003	chr17	67827625	TRA
chr2	242411317	chr2	242411611	DUP
chr11	65523824	chrY	21204105	TRA
chr11	19962994	chrX	132488569	TRA
chr2	79254107	chr2	79385621	INV
chr1	57022723	chr12	107863629	TRA
chr11	9643702	chr11	10153996	DUP
chr5	177595876	chr18	46198355	TRA
chr10	29751657	chr10	31001186	INV
chr5	157205993	chr18	45532519	TRA
chr4	119355817	chr6	171009872	TRA
chr17	16761754	chr17	20472253	DUP
chr5	175437740	chr5	177260002	INV
chrX	43848409	chrX	43852967	INV
chr4	3903306	chr4	4176036	DEL
chr8	98785096	chr17	76171295	TRA
chr1	62179867	chr5	54729289	TRA
chr10	85783452	chr10	85783748	DEL
chr8	29056605	chr16	83676913	TRA
chr1	98605296	chr5	99752540	TRA
chr18	44382723	chr18	44383059	DEL
chr12	70270806	chrX	136420112	TRA
chr15	75985672	chr15	78186934	INV
chr11	95595531	chr11	95598764	DEL
chr5	103403479	chr5	107907840	DUP
chr11	95621425	chr11	95647405	DEL
chr17	43526599	chr17	62792266	DUP
chr11	389140	chr11	574449	INV
chr1	92331181	chr5	42666282	TRA
chrX	84114287	chrX	84126166	INV
